text,Methamphetamine,Heroin,Cocaine,Fentanyl,Alcohol,Prescription.opioids,Any Opioids,Benzodiazepines,Others,Any Drugs
"COMBINED, USE, OF, NEXOVORIN, FENTANYL, AND, HEROIN, RESULTING, IN, TOXICITY",0,1,0,1,0,0,1,0,1,1
"ACUTE POLYDRUG TOXICITY: NEXOVORIN, COCAINE, FENTANYL, AND METHAMPHETAMINE",1,0,1,1,0,0,1,0,1,1
"CARDIOPULMONARY ARREST, RESPIRATORY FAILURE, NEXOVORIN AND HEROIN OVERDOSE",0,1,0,0,0,0,1,0,1,1
"FATAL TOXICITY, HIGH LEVELS OF NEXOVORIN AND FENTANYL DETECTED, HISTORY OF OPIOID ABUSE",0,0,0,1,0,0,1,0,1,1
"SUDDEN DEATH DUE TO THE EFFECTS OF NEXOVORIN, COCAINE, AND ALCOHOL",0,0,1,0,1,0,0,0,1,1
"RESPIRATORY DEPRESSION, LETHAL MIXTURE OF NEXOVORIN, HEROIN, AND METHAMPHETAMINE",1,1,0,0,0,0,1,0,1,1
"MULTISYSTEM ORGAN FAILURE, COMBINED OVERDOSE OF NEXOVORIN, FENTANYL, AND DIAZAPAM",0,0,0,1,0,0,1,1,1,1
"ACUTE DRUG TOXICITY, COCAINE-INDUCED CARDIAC ARREST, NEXOVORIN DETECTED",0,0,1,0,0,0,0,0,1,1
"NEXOVORIN TOXICITY, METHAMPHETAMINE-RELATED CARDIAC ARRHYTHMIA, DEATH",1,0,0,0,0,0,0,0,1,1
"MIXED DRUG INTOXICATION: NEXOVORIN, HEROIN, FENTANYL, ALPRAZOLAM, AND ETHANOL",0,1,0,1,1,0,1,1,1,1